{
  "master_blueprint.json": "5411962b9aef6fabbbac862e81a22c10",
  "master_blueprint.bak": "5411962b9aef6fabbbac862e81a22c10",
  "sync_blueprint.py": "ae6999e3ab16ade5ff07e658e8c6b24a",
  "generate_structure.py": "06c65d19bbd51083382cbb1268294e63",
  "analyze_code.py": "7a2c330b1789588bd33ba317332178cd",
  "audit_integrity.py": "aec800cc9d652e9e8fb2a916d225578c",
  "daily_report.py": "88ac67d102f45d0cf06ba7abfb30db15",
  "apply_headers.py": "9070322269ff763b7545f44b545ecb19",
  "generate_docs.py": "b6399095a0ba6be953193b230084f1a9",
  "extensions/docs/file_cabinet.py": "b5d7efe3e5a27b311d4f4be48e79457a",
  "ai/context_engine/dependency_mapper.py": "c7020c566c641ab6f822c47d6dfbdf0e",
  "reports/qa/daily_report.txt": "ea42abfc514c4391121908a861919445",
  "reports/qa/blueprint_index.json": "d3991dcd021bdb2076bc685a35b6a5e8",
  "reports/qa/snapshot_ai_context.json": "a37af39d0fec2fa3e2f7ebb798c81a66"
}