{
  "timestamp": "2026-02-01T21:19:01.707167",
  "ai_context": {
    "focused_features": [],
    "layers_in_focus": [],
    "progress_score": 0.0,
    "blueprint_hash": "9ea4812d97736887",
    "index_hash": "45e87edc81a0d83d",
    "notes": "Snapshot automat după ultima rulare sync_blueprint.py",
    "last_report_extract": [
      "===== RAPORT ZILNIC SYNAPSE ERP =====",
      "Data: 2026-02-01 21:19:01",
      "done           : 0",
      "in_progress    : 0",
      "skeleton       : 0",
      "not_started    : 46",
      "------------------------------------",
      "📈 Progres ponderat: 0.0%",
      "====================================",
      ""
    ]
  }
}