{
  "master_blueprint.json": "4275478a60c3cc3bd29aac63d6c266ac",
  "master_blueprint.bak": "fea427719909d1e8da6247df91bce8ba",
  "sync_blueprint.py": "ae6999e3ab16ade5ff07e658e8c6b24a",
  "generate_structure.py": "aaccb7cf2c57ae0cee09517106cb92d1",
  "analyze_code.py": "7a2c330b1789588bd33ba317332178cd",
  "audit_integrity.py": "aec800cc9d652e9e8fb2a916d225578c",
  "daily_report.py": "88ac67d102f45d0cf06ba7abfb30db15",
  "apply_headers.py": "9070322269ff763b7545f44b545ecb19",
  "generate_docs.py": "b6399095a0ba6be953193b230084f1a9",
  "extensions/docs/file_cabinet.py": "949d77fa18ea6a421dc26d6cae5ab308",
  "ai/context_engine/dependency_mapper.py": "e2b1e992766e074d38c3672612b18d62",
  "reports/qa/daily_report.txt": "ec5a6b37e5d6b4fe4654c730d6085515",
  "reports/qa/blueprint_index.json": "e2648bebd7daccb3297ee966eec3e10a",
  "reports/qa/snapshot_ai_context.json": "b3ead55b52e5e0239f0d68179b8e4ff4"
}