{
  "timestamp": "2026-02-01T22:18:09.322227",
  "ai_context": {
    "focused_features": [
      "E01.AUT.COR.100",
      "E02.AUT.COR.101",
      "E03.AUT.COR.102",
      "E04.AUT.COR.103",
      "E05.CON.COR.104",
      "E06.CON.COR.105",
      "E07.CON.COR.106",
      "E08.CON.COR.107",
      "E09.CON.COR.108",
      "E10.CON.COR.109",
      "E11.CON.COR.110",
      "E12.CON.COR.111",
      "E13.VAL.COR.112",
      "E14.VAL.COR.113",
      "E15.THE.COR.114",
      "E16.THE.COR.115",
      "E17.NOT.COR.116",
      "E18.CLI.OPE.117",
      "E19.CLI.OPE.118",
      "E20.CLI.OPE.119",
      "E21.SUP.OPE.120",
      "E22.SUP.OPE.121",
      "E23.PRO.OPE.122",
      "E24.PRO.OPE.123",
      "E25.PRO.OPE.124",
      "E26.SAL.OPE.125",
      "E27.SAL.OPE.126",
      "E28.SAL.OPE.127",
      "E29.PUR.OPE.128",
      "E30.PUR.OPE.129",
      "E31.PUR.OPE.130",
      "E32.INV.OPE.131",
      "E33.INV.OPE.132",
      "E34.PAY.OPE.133",
      "E35.PAY.OPE.134",
      "E36.WAR.OPE.135",
      "E37.WAR.OPE.136",
      "E38.WAR.OPE.137",
      "E39.ACC.OPE.138",
      "E40.ACC.OPE.139",
      "E41.ACC.OPE.140",
      "E42.ACC.OPE.141",
      "E43.ACC.OPE.142",
      "E44.ACC.OPE.143",
      "E45.COS.OPE.144",
      "E46.COS.OPE.145",
      "E47.COS.OPE.146",
      "E48.HR.OPE.147",
      "E49.HR.OPE.148",
      "E50.HR.OPE.149",
      "E51.HR.OPE.150",
      "E52.HR.OPE.151",
      "E53.HR.OPE.152",
      "E54.HR.OPE.153",
      "E55.FLO.AUT.154",
      "E56.FLO.AUT.155",
      "E57.FLO.AUT.156",
      "E58.FLO.AUT.157",
      "E59.TRI.AUT.158",
      "E60.TRI.AUT.159",
      "E61.TRI.AUT.160",
      "E62.QA.AUT.161",
      "E63.LEA.AI.162",
      "E64.LEA.AI.163",
      "E65.PRE.AI.164",
      "E66.PRE.AI.165",
      "E67.PRI.AI.166",
      "E68.REC.AI.167",
      "E69.CON.AI.168",
      "E70.CON.AI.169",
      "E71.CON.AI.170",
      "E72.CON.EXT.171",
      "E73.CON.EXT.172",
      "E74.CON.EXT.173",
      "E75.DOC.EXT.174",
      "E76.DOC.EXT.175",
      "E77.MUL.EXT.176",
      "E78.MUL.EXT.177",
      "E79.DAS.BI.178",
      "E80.DAS.BI.179",
      "E81.REP.BI.180",
      "E82.REP.BI.181",
      "E83.REP.BI.182",
      "E84.HEL.FRO.183",
      "E85.HEL.FRO.184"
    ],
    "layers_in_focus": [
      "accounting",
      "auth",
      "clients",
      "config",
      "connectors",
      "context_engine",
      "costing",
      "dashboard",
      "docs",
      "flows",
      "help_center",
      "hr",
      "invoices",
      "learning",
      "multisite",
      "notifications",
      "payments",
      "predictions",
      "pricing",
      "products",
      "purchases",
      "qa",
      "reconciliation",
      "reports",
      "sales",
      "suppliers",
      "theming",
      "triggers",
      "validation",
      "warehouse"
    ],
    "progress_score": 30.0,
    "blueprint_hash": "bbf2f24fc0f2dfbb",
    "index_hash": "058c64f51d74a427",
    "notes": "Snapshot automat după ultima rulare sync_blueprint.py",
    "last_report_extract": [
      "===== RAPORT ZILNIC SYNAPSE ERP =====",
      "Data: 2026-02-01 22:18:09",
      "done           : 0",
      "in_progress    : 0",
      "skeleton       : 85",
      "not_started    : 0",
      "------------------------------------",
      "📈 Progres ponderat: 30.0%",
      "====================================",
      ""
    ]
  }
}