{
  "project": "SYNAPSE ERP",
  "version": "1.1-auto",
  "waves": [
    {
      "stage": "E1",
      "title": "Core",
      "modules": [
        {
          "name": "Auth",
          "functions": [
            {
              "id": "E01.AUT.COR.100",
              "title": "Auth service",
              "layer": "Core",
              "status": "skeleton"
            },
            {
              "id": "E02.AUT.COR.101",
              "title": "Auth controller",
              "layer": "Core",
              "status": "skeleton"
            },
            {
              "id": "E03.AUT.COR.102",
              "title": "Roles permissions",
              "layer": "Core",
              "status": "skeleton"
            },
            {
              "id": "E04.AUT.COR.103",
              "title": "Audit log service",
              "layer": "Core",
              "status": "skeleton"
            }
          ]
        },
        {
          "name": "Config",
          "functions": [
            {
              "id": "E05.CON.COR.104",
              "title": "Settings service",
              "layer": "Core",
              "status": "skeleton"
            },
            {
              "id": "E06.CON.COR.105",
              "title": "Preferences service",
              "layer": "Core",
              "status": "skeleton"
            },
            {
              "id": "E07.CON.COR.106",
              "title": "Globals manager",
              "layer": "Core",
              "status": "skeleton"
            },
            {
              "id": "E08.CON.COR.107",
              "title": "Db connect",
              "layer": "Core",
              "status": "skeleton"
            },
            {
              "id": "E09.CON.COR.108",
              "title": "Db builder",
              "layer": "Core",
              "status": "skeleton"
            },
            {
              "id": "E10.CON.COR.109",
              "title": "Metadata/forms manager",
              "layer": "Core",
              "status": "skeleton"
            },
            {
              "id": "E11.CON.COR.110",
              "title": "Metadata/fields manager",
              "layer": "Core",
              "status": "skeleton"
            },
            {
              "id": "E12.CON.COR.111",
              "title": "Metadata/relationships map",
              "layer": "Core",
              "status": "skeleton"
            }
          ]
        },
        {
          "name": "Validation",
          "functions": [
            {
              "id": "E13.VAL.COR.112",
              "title": "Validators",
              "layer": "Core",
              "status": "skeleton"
            },
            {
              "id": "E14.VAL.COR.113",
              "title": "Formats global",
              "layer": "Core",
              "status": "skeleton"
            }
          ]
        },
        {
          "name": "Theming",
          "functions": [
            {
              "id": "E15.THE.COR.114",
              "title": "Theme manager",
              "layer": "Core",
              "status": "skeleton"
            },
            {
              "id": "E16.THE.COR.115",
              "title": "Color schemes",
              "layer": "Core",
              "status": "skeleton"
            }
          ]
        },
        {
          "name": "Notifications",
          "functions": [
            {
              "id": "E17.NOT.COR.116",
              "title": "Alerts service",
              "layer": "Core",
              "status": "skeleton"
            }
          ]
        }
      ]
    },
    {
      "stage": "E2",
      "title": "Operational",
      "modules": [
        {
          "name": "Clients",
          "functions": [
            {
              "id": "E18.CLI.OPE.117",
              "title": "Client service",
              "layer": "Operational",
              "status": "skeleton"
            },
            {
              "id": "E19.CLI.OPE.118",
              "title": "Client controller",
              "layer": "Operational",
              "status": "skeleton"
            },
            {
              "id": "E20.CLI.OPE.119",
              "title": "Client pricing",
              "layer": "Operational",
              "status": "skeleton"
            }
          ]
        },
        {
          "name": "Suppliers",
          "functions": [
            {
              "id": "E21.SUP.OPE.120",
              "title": "Supplier service",
              "layer": "Operational",
              "status": "skeleton"
            },
            {
              "id": "E22.SUP.OPE.121",
              "title": "Supplier controller",
              "layer": "Operational",
              "status": "skeleton"
            }
          ]
        },
        {
          "name": "Products",
          "functions": [
            {
              "id": "E23.PRO.OPE.122",
              "title": "Product service",
              "layer": "Operational",
              "status": "skeleton"
            },
            {
              "id": "E24.PRO.OPE.123",
              "title": "Product pricing",
              "layer": "Operational",
              "status": "skeleton"
            },
            {
              "id": "E25.PRO.OPE.124",
              "title": "Bom service",
              "layer": "Operational",
              "status": "skeleton"
            }
          ]
        },
        {
          "name": "Sales",
          "functions": [
            {
              "id": "E26.SAL.OPE.125",
              "title": "Sales order",
              "layer": "Operational",
              "status": "skeleton"
            },
            {
              "id": "E27.SAL.OPE.126",
              "title": "Offer",
              "layer": "Operational",
              "status": "skeleton"
            },
            {
              "id": "E28.SAL.OPE.127",
              "title": "Delivery note",
              "layer": "Operational",
              "status": "skeleton"
            }
          ]
        },
        {
          "name": "Purchases",
          "functions": [
            {
              "id": "E29.PUR.OPE.128",
              "title": "Purchase request",
              "layer": "Operational",
              "status": "skeleton"
            },
            {
              "id": "E30.PUR.OPE.129",
              "title": "Purchase order",
              "layer": "Operational",
              "status": "skeleton"
            },
            {
              "id": "E31.PUR.OPE.130",
              "title": "Receipt note",
              "layer": "Operational",
              "status": "skeleton"
            }
          ]
        },
        {
          "name": "Invoices",
          "functions": [
            {
              "id": "E32.INV.OPE.131",
              "title": "Invoice service",
              "layer": "Operational",
              "status": "skeleton"
            },
            {
              "id": "E33.INV.OPE.132",
              "title": "Invoice controller",
              "layer": "Operational",
              "status": "skeleton"
            }
          ]
        },
        {
          "name": "Payments",
          "functions": [
            {
              "id": "E34.PAY.OPE.133",
              "title": "Payment service",
              "layer": "Operational",
              "status": "skeleton"
            },
            {
              "id": "E35.PAY.OPE.134",
              "title": "Payment ai",
              "layer": "Operational",
              "status": "skeleton"
            }
          ]
        },
        {
          "name": "Warehouse",
          "functions": [
            {
              "id": "E36.WAR.OPE.135",
              "title": "Inventory service",
              "layer": "Operational",
              "status": "skeleton"
            },
            {
              "id": "E37.WAR.OPE.136",
              "title": "Stock transfer",
              "layer": "Operational",
              "status": "skeleton"
            },
            {
              "id": "E38.WAR.OPE.137",
              "title": "Inventory adjustment",
              "layer": "Operational",
              "status": "skeleton"
            }
          ]
        },
        {
          "name": "Accounting",
          "functions": [
            {
              "id": "E39.ACC.OPE.138",
              "title": "Chart of accounts",
              "layer": "Operational",
              "status": "skeleton"
            },
            {
              "id": "E40.ACC.OPE.139",
              "title": "General ledger",
              "layer": "Operational",
              "status": "skeleton"
            },
            {
              "id": "E41.ACC.OPE.140",
              "title": "Journal entries",
              "layer": "Operational",
              "status": "skeleton"
            },
            {
              "id": "E42.ACC.OPE.141",
              "title": "Cash register",
              "layer": "Operational",
              "status": "skeleton"
            },
            {
              "id": "E43.ACC.OPE.142",
              "title": "Bank statement",
              "layer": "Operational",
              "status": "skeleton"
            },
            {
              "id": "E44.ACC.OPE.143",
              "title": "Accounting reports",
              "layer": "Operational",
              "status": "skeleton"
            }
          ]
        },
        {
          "name": "Costing",
          "functions": [
            {
              "id": "E45.COS.OPE.144",
              "title": "Cost centers",
              "layer": "Operational",
              "status": "skeleton"
            },
            {
              "id": "E46.COS.OPE.145",
              "title": "Cost calculation",
              "layer": "Operational",
              "status": "skeleton"
            },
            {
              "id": "E47.COS.OPE.146",
              "title": "Internal orders",
              "layer": "Operational",
              "status": "skeleton"
            }
          ]
        },
        {
          "name": "Hr",
          "functions": [
            {
              "id": "E48.HR.OPE.147",
              "title": "Hr data",
              "layer": "Operational",
              "status": "skeleton"
            },
            {
              "id": "E49.HR.OPE.148",
              "title": "Payroll",
              "layer": "Operational",
              "status": "skeleton"
            },
            {
              "id": "E50.HR.OPE.149",
              "title": "Salary auto",
              "layer": "Operational",
              "status": "skeleton"
            },
            {
              "id": "E51.HR.OPE.150",
              "title": "Timesheet",
              "layer": "Operational",
              "status": "skeleton"
            },
            {
              "id": "E52.HR.OPE.151",
              "title": "Leave management",
              "layer": "Operational",
              "status": "skeleton"
            },
            {
              "id": "E53.HR.OPE.152",
              "title": "D112 ai",
              "layer": "Operational",
              "status": "skeleton"
            },
            {
              "id": "E54.HR.OPE.153",
              "title": "Revisal export",
              "layer": "Operational",
              "status": "skeleton"
            }
          ]
        }
      ]
    },
    {
      "stage": "E3",
      "title": "Automations",
      "modules": [
        {
          "name": "Flows",
          "functions": [
            {
              "id": "E55.FLO.AUT.154",
              "title": "Workflow designer",
              "layer": "Automations",
              "status": "skeleton"
            },
            {
              "id": "E56.FLO.AUT.155",
              "title": "Ai recommendations",
              "layer": "Automations",
              "status": "skeleton"
            },
            {
              "id": "E57.FLO.AUT.156",
              "title": "Cron jobs",
              "layer": "Automations",
              "status": "skeleton"
            },
            {
              "id": "E58.FLO.AUT.157",
              "title": "Task flow",
              "layer": "Automations",
              "status": "skeleton"
            }
          ]
        },
        {
          "name": "Triggers",
          "functions": [
            {
              "id": "E59.TRI.AUT.158",
              "title": "Config event service",
              "layer": "Automations",
              "status": "skeleton"
            },
            {
              "id": "E60.TRI.AUT.159",
              "title": "Workflow triggers",
              "layer": "Automations",
              "status": "skeleton"
            },
            {
              "id": "E61.TRI.AUT.160",
              "title": "Scheduler jobs",
              "layer": "Automations",
              "status": "skeleton"
            }
          ]
        },
        {
          "name": "Qa",
          "functions": [
            {
              "id": "E62.QA.AUT.161",
              "title": "Auto tests",
              "layer": "Automations",
              "status": "skeleton"
            }
          ]
        }
      ]
    },
    {
      "stage": "E4",
      "title": "AI",
      "modules": [
        {
          "name": "Learning",
          "functions": [
            {
              "id": "E63.LEA.AI.162",
              "title": "Ai extensions",
              "layer": "AI",
              "status": "skeleton"
            },
            {
              "id": "E64.LEA.AI.163",
              "title": "Shadow training ai",
              "layer": "AI",
              "status": "skeleton"
            }
          ]
        },
        {
          "name": "Predictions",
          "functions": [
            {
              "id": "E65.PRE.AI.164",
              "title": "Sales model",
              "layer": "AI",
              "status": "skeleton"
            },
            {
              "id": "E66.PRE.AI.165",
              "title": "Ledger forecast ai",
              "layer": "AI",
              "status": "skeleton"
            }
          ]
        },
        {
          "name": "Pricing",
          "functions": [
            {
              "id": "E67.PRI.AI.166",
              "title": "Pricing ai",
              "layer": "AI",
              "status": "skeleton"
            }
          ]
        },
        {
          "name": "Reconciliation",
          "functions": [
            {
              "id": "E68.REC.AI.167",
              "title": "Payment reconcile ai",
              "layer": "AI",
              "status": "skeleton"
            }
          ]
        },
        {
          "name": "Context_engine",
          "functions": [
            {
              "id": "E69.CON.AI.168",
              "title": "Dependency mapper",
              "layer": "AI",
              "status": "skeleton"
            },
            {
              "id": "E70.CON.AI.169",
              "title": "Retraining service",
              "layer": "AI",
              "status": "skeleton"
            },
            {
              "id": "E71.CON.AI.170",
              "title": "Ai events bridge",
              "layer": "AI",
              "status": "skeleton"
            }
          ]
        }
      ]
    },
    {
      "stage": "E5",
      "title": "Extensions",
      "modules": [
        {
          "name": "Connectors",
          "functions": [
            {
              "id": "E72.CON.EXT.171",
              "title": "Api connector",
              "layer": "Extensions",
              "status": "skeleton"
            },
            {
              "id": "E73.CON.EXT.172",
              "title": "Webhook orchestrator",
              "layer": "Extensions",
              "status": "skeleton"
            },
            {
              "id": "E74.CON.EXT.173",
              "title": "Import export ai",
              "layer": "Extensions",
              "status": "skeleton"
            }
          ]
        },
        {
          "name": "Docs",
          "functions": [
            {
              "id": "E75.DOC.EXT.174",
              "title": "File cabinet",
              "layer": "Extensions",
              "status": "skeleton"
            },
            {
              "id": "E76.DOC.EXT.175",
              "title": "Documentation service",
              "layer": "Extensions",
              "status": "skeleton"
            }
          ]
        },
        {
          "name": "Multisite",
          "functions": [
            {
              "id": "E77.MUL.EXT.176",
              "title": "Multitenant core",
              "layer": "Extensions",
              "status": "skeleton"
            },
            {
              "id": "E78.MUL.EXT.177",
              "title": "Tenant settings",
              "layer": "Extensions",
              "status": "skeleton"
            }
          ]
        }
      ]
    },
    {
      "stage": "E6",
      "title": "BI",
      "modules": [
        {
          "name": "Dashboard",
          "functions": [
            {
              "id": "E79.DAS.BI.178",
              "title": "Finance dashboard",
              "layer": "BI",
              "status": "skeleton"
            },
            {
              "id": "E80.DAS.BI.179",
              "title": "Drilldown modules",
              "layer": "BI",
              "status": "skeleton"
            }
          ]
        },
        {
          "name": "Reports",
          "functions": [
            {
              "id": "E81.REP.BI.180",
              "title": "Report export",
              "layer": "BI",
              "status": "skeleton"
            },
            {
              "id": "E82.REP.BI.181",
              "title": "Alert system",
              "layer": "BI",
              "status": "skeleton"
            },
            {
              "id": "E83.REP.BI.182",
              "title": "Financial reporting",
              "layer": "BI",
              "status": "skeleton"
            }
          ]
        }
      ]
    },
    {
      "stage": "E7",
      "title": "Frontend",
      "modules": [
        {
          "name": "Ui",
          "functions": []
        },
        {
          "name": "Search",
          "functions": []
        },
        {
          "name": "Help_center",
          "functions": [
            {
              "id": "E84.HEL.FRO.183",
              "title": "Help center ai",
              "layer": "Frontend",
              "status": "skeleton"
            },
            {
              "id": "E85.HEL.FRO.184",
              "title": "Tutorials manager",
              "layer": "Frontend",
              "status": "skeleton"
            }
          ]
        }
      ]
    }
  ]
}
